,f1,f2,f3,f4,f5,f6,f7,f8,f9,f10,f11,f12,f13,f14,f15,f16,f17,f18,f19,f20,f21,f22,f23,f24,f25,f26,f27,f28,f29,f30
0,1.2647442419028885,1.2054908058107774,3.0638492213599062,5.243561273170692,3.442585165708148,3.405345247926084,3.7439168479929603,1.2300779008093146,120.05398351648354,139.01689560439561,0.041786216963585344,1.108500183021112,0.6372671275269972,18.118430445442,51.58127186412521,0.20430587792301724,0.6424158400389716,0.4376621819049547,0.3018597362242357,0.39413709587710877,0.7722114446478158,23519.473684210527,0.005986068417574317,0.11684007953766784,0.3686396463046738,0.4196433111323331,2,1,16,16
1,0.7477557238291124,0.6940791176811367,2.59758798548534,1.4976919865202385,2.447440290463331,2.556358303296057,2.440331832274243,0.8254494486046149,257.9111111111111,181.39126984126986,0.08331955252301794,1.1196342178406513,3.7837850620674467,75.97814857351217,217.20113010248727,0.25035222930494094,0.8139965620255675,0.3973076704900122,0.24411778429846312,0.3242899560872041,0.37621168122693166,31237.456521739132,0.008554026911031251,0.13832113464015344,0.35709244502566934,0.42325533894802503,2,0,16,16
2,2.0317854938288504,1.9982273354126765,3.191488258372245,1.8917015225924496,4.267887608260399,3.886103348919829,4.325120136061962,2.0433697731884233,73.22284176119973,53.08341024162021,0.013299627843311656,0.18517858535667067,0.39685166854543424,7.822576291993986,17.370539583351754,0.10196960519332604,0.607792582882218,0.6123402493371288,0.2561865719631399,0.46802359491808526,0.36482352231072107,18963.21212121212,0.008094882594056855,0.14565650677073394,0.24743397384591806,0.6840706489739132,2,4,16,16
3,0.45657429550669193,0.6825915877321013,1.8565241786914561,2.3957641640021405,2.2229078569340732,2.4164125373889136,2.294724987195705,1.3785737067198416,485.07894736842104,517.7894736842105,0.18467253342602086,3.0808466607870777,21.433382582244295,226.34161013079336,1871.4603324206416,0.28301860295770603,1.0254807871089642,0.44048065897418626,0.3768794473020461,0.45150922518978687,0.5865383372234338,30696.617647058825,0.011916495308427255,0.1349587192874057,0.39527737662726203,0.4303363049830627,2,1,16,16
4,1.1981975420329138,1.1795090100881147,2.301194517344786,1.5489573180980885,7.875092513253612,6.443951854934635,6.727211552917916,1.2160716330681192,139.5524804024804,114.65558090558092,0.01803826230222597,0.3795482846857069,1.346517465384424,23.9233447161068,57.5240179382282,0.20437093593781308,0.6898267678276976,0.34531418872108094,0.2457216070240318,0.38863280300813,0.4700976074789278,20030.632653061224,0.009089657703745351,0.1482496309161405,0.3291609944354024,0.5206876204797198,5,4,16,16
5,1.0945307085424,1.0410401995768328,2.6386517670656424,3.046245566306988,4.250008768779784,3.958759008427683,3.7968265875478084,1.150300733196818,153.75682266009852,116.28160098522167,0.030992906464967503,1.4729233552709813,1.5940121230589444,38.73431899154551,92.55402386595644,0.2181318276459026,1.0209778819041433,0.5577043856951811,0.3206269848876817,0.4234125372424035,0.6649175193476484,30051.518018018018,0.0067132947397040114,0.14174836511735653,0.3741841647662432,0.49822231129568023,3,3,16,16
6,0.9188388865385297,1.1262594586092272,3.0371514532435784,3.4777729311259655,2.7510453395583507,2.7076237622561656,5.076131608899488,1.202740146291967,233.4124113475178,199.9436170212766,0.009762628974593542,1.510550947217767,11.54063395127923,130.1163021636139,1305.657296060312,0.1107081356306687,0.7160933387474421,0.3519461318540308,0.2691151557780506,0.30744122228819043,0.4050590589113449,24977.02857142857,0.013320559503545713,0.1648726959046932,0.43823519024041374,0.4134140681532174,0,0,16,16
7,0.595836411243712,0.6996844534433729,1.9103601769813932,1.6268182258013708,3.0550914115189665,2.668961257748236,3.1659992610478365,0.6907126344189157,220.34649122807016,260.109649122807,0.04744121586159462,7.462304638639085,1.537946352275721,27.897355756298147,90.89871049138493,0.34920316489979525,1.009291283612134,0.39435769439274054,0.24296099946870597,0.293924743345713,0.3950086611390765,42961.53968253968,0.011206402752212664,0.13871843966783312,0.3600811307631219,0.41728039132716094,4,6,16,16
8,1.1769274307269426,1.2106632762565703,2.970559023135462,3.398489972794011,2.8125639060143732,2.584294287042304,3.089453813599659,1.1556744129945034,142.01157359826425,118.9986410871303,0.019258402549871382,1.1592832918787261,4.838849573084272,56.584967397772424,161.53412234797628,0.16784100887293651,1.0338847378180624,0.39562469267669537,0.24106009747318727,0.44082334571192283,0.383813821857691,27492.607954545456,0.010525946418416665,0.1228404512586926,0.29385850381793505,0.483299309378917,5,6,16,16
9,1.2133464092584612,1.2365186659595793,3.152448135044703,3.195454487464761,4.337058968042336,4.487050328599712,11.084608930569113,1.1723727204386292,146.21397212543553,104.86726093689506,0.019549727700854665,0.6427690690762551,3.0812057752441984,58.14782942935022,200.8262742129645,0.23052029086031464,0.8241479523326853,0.31849368514906995,0.21293891463545286,0.3857383887826239,0.44907985433821307,21650.815384615384,0.008446013402751092,0.16251260135567785,0.2653821863772262,0.710645713164661,0,0,16,16
10,1.531123802169034,1.5094875749633665,1.971494660243222,1.9717984282819447,3.9362154403309852,4.194684972278126,4.542236054859781,1.5104717387691158,98.01710177104069,78.24150142908178,0.020214403302573018,0.28482323694470507,0.7609928403029579,17.976852922208444,32.01569232767102,0.1834234635587615,0.7856982866992915,0.42846566286459203,0.1914007653054925,0.32351854084012066,0.4086711130241956,16755.117647058825,0.010696406273535037,0.18676679218633763,0.29021914096121804,0.7018859703780672,2,2,16,16
11,0.9086212060767316,0.9518205442787132,2.278864863282737,2.12943573722184,3.811809121801397,3.3340311478104137,3.16295095358023,0.99419866849672,215.30802696078428,117.09248074229691,0.045018955807973104,0.9386220786459036,2.0996899996809724,38.53702093629348,107.71249538575235,0.2529231876295468,0.7708980667526184,0.43463510422713036,0.28435192625253297,0.3249881778951124,0.46714983397956555,21267.388059701494,0.008272670599222555,0.15035792590115435,0.37428737360378234,0.44944894521063866,1,1,16,16
12,0.8600916581734673,0.7949994085918167,2.457876038840338,3.4192243979402592,2.957918338979352,2.392676432974166,3.1621120527858184,0.7829154015642096,182.21551724137933,204.30114942528735,0.07369655190985251,2.768706679865835,4.1782910887996465,52.71165139227798,207.37280741823986,0.3408659737830034,1.1145989693406688,0.6440698544897027,0.38075852472814037,0.4633009074982168,0.6985230050077453,36119.11538461538,0.007865820649568946,0.1199903473788273,0.39793558552328473,0.4198130951719162,4,2,16,16
13,0.9405460231505848,0.8412799225371916,2.385588084994309,2.091711610502245,3.2914883987532058,3.0681679734152176,4.325035488662169,0.9065139813745533,209.49864433811803,171.53931419457734,0.02025273698053074,1.8135538772390556,4.024639656419498,61.33246431187385,143.15201957371326,0.30209423540842223,0.895424502242714,0.7204135617806645,0.27292175267400864,0.45352856406955033,0.6784789757253987,31476.83969465649,0.008393068342933775,0.1424846174511198,0.3671925696371522,0.5308114861530665,0,1,16,16
14,0.7131462293049338,0.6496657331483393,2.268095557614402,1.3776954374238948,3.0955664920562667,2.9859135768550966,3.02731493638521,0.616883202362928,213.6637931034483,197.54166666666666,0.06476900310930968,5.253371220353255,1.9925607304471105,33.775178190923285,80.23031406036061,0.29255115447890534,0.9090199382650771,0.35388843428737654,0.22722667453037568,0.2696196359552229,0.37721763306210043,31292.63888888889,0.010756965064941403,0.15203952308626084,0.44606754501591156,0.3690781195599883,1,1,16,16
15,0.6212542642502549,0.7611394534711378,2.7814620519251037,3.0459662360861133,3.941743786789515,3.5088667312528554,3.6951415197288537,0.9344007731940077,362.5645833333333,222.7427083333333,0.04452928747112931,0.8885569403714566,9.122554153358163,139.73919917549867,484.9384252457841,0.2826812412071826,1.1300028024425994,0.3849062832010668,0.24260278558943335,0.3990214150949272,0.3443639498790934,38634.36842105263,0.011560999015976382,0.17959790366339523,0.30744219196456984,0.6562788637946974,0,2,16,16
16,1.0611701349478206,1.203595969806875,3.4387712347478057,2.499957388854617,2.545447587732303,2.5353891135390096,2.914909931057372,1.0695887111458906,181.6609500805153,167.62165861513688,0.035863310469456754,1.2652785285368893,4.722414288379557,94.83415141810154,276.93695183258916,0.18937078146836678,1.377048165920436,0.3730983467807537,0.2761625737559173,0.330207779017642,0.4332512692757046,35060.78571428572,0.007794406742350906,0.1545718122598551,0.3856247899481133,0.4488296182442804,2,1,16,16
17,1.175626661910321,1.1749670331386615,3.51166780697457,3.013432876605516,2.9661279988039575,3.016078463208357,9.89346048226481,1.1713785504833873,107.65803474484257,128.36216069489686,0.03664901831882733,0.570940041325401,2.3357981857944297,46.4422367513435,256.7923391746712,0.2456420480717185,1.0804291034499625,0.39350339749892566,0.29369648257798864,0.536658587952486,0.4063049965954327,28747.098039215685,0.010365632816424691,0.1470177318385406,0.27331557123986866,0.6333376877233101,3,3,16,16
18,0.9552070942600382,1.0319264179120038,2.4746904869101916,1.3003875947974475,3.93476883209801,2.7839725675916713,7.272804807890482,0.9870088187469679,191.02232323232323,195.24787878787876,0.02572186196231031,3.113374718599135,8.966441089339583,108.95834473586036,883.360051484982,0.22519812440093584,0.6344991983022008,0.2885288559154706,0.23501929309680655,0.44270687659540686,0.46999825089354036,24690.0,0.009924828547170528,0.15417721312251434,0.32108861409531203,0.5776986431958968,5,4,16,16
19,1.2712819141066714,1.2937893926846953,1.976761177290458,3.78882735633163,4.133289326612851,3.450755507762411,4.037272874842872,1.3367768154726563,106.46183519498335,105.64548010973938,0.023936081506660763,0.49728046913928636,0.9383668576503499,14.816846841579684,42.55750137665093,0.1723779388174069,0.4413458974963122,0.5209454925629168,0.29541114450158656,0.38568342116162607,0.5959488010768645,18207.51094890511,0.007258250636350851,0.1391785586335823,0.3761734811330106,0.45579170752757486,3,3,16,16
20,1.3884103108849675,1.5405058922467794,3.302722543015076,4.191083589854482,7.252830896533354,6.559402592344332,9.854048380981231,1.3552149368679678,109.27524677296887,132.503986332574,0.027352121637166407,1.1218158465542414,3.01187227277626,42.880641984738766,223.5758398951606,0.15340333919815327,0.7241731801701939,0.6157632894743903,0.2743392217246726,0.3505445272616541,0.5075291708602572,22293.625,0.0074378492843803394,0.1314925078131553,0.41463162042567614,0.3664565676162723,1,1,16,16
21,1.5979067213860685,1.5813469758586356,2.9436666943362435,3.6319901657177063,4.577237584923328,3.9208046930991833,4.7703695634750165,1.6056646364589249,100.20517168291649,73.9664476473082,0.019566700021265898,0.6811553846782867,1.6155293481130273,28.85121020939276,84.42283046729787,0.12297142588180293,0.6015683814426462,0.41229879713823797,0.2517715217385284,0.2939703922541387,0.45119216691216885,19624.018691588786,0.006167342109932925,0.13373709110306206,0.3516451625877067,0.41744431734520954,0,0,16,16
22,1.1526321283482461,1.006802390728874,3.29597978817214,2.382207035076977,3.913103486524624,2.5388284647626405,2.5306497446235623,1.379068963345627,147.39297573435505,191.3152618135377,0.023335524951905856,1.373261075680919,4.882185819789921,53.84275416315762,205.74436682836634,0.16578751342591597,0.8023412207482941,0.4258698137712956,0.26261246650404235,0.3733474925481555,0.4870368104482775,25902.044198895026,0.010648590838150195,0.1235886516573306,0.34169776422562637,0.42447808217257016,4,3,16,16
23,1.2417158422007286,1.532711674837065,3.388777077668742,1.0384638366977212,3.7335682821256477,2.815161332437428,7.38308881669941,1.2888574895265055,147.39102468212414,118.95597731239093,0.020315497117071066,0.3693380484369737,1.6617808145067667,27.145615961898592,123.18219452159659,0.1524766271905534,0.8800404769086414,0.31029882257770325,0.221395697593497,0.27646845580470203,0.32092990473845234,34588.739837398374,0.009107943945169377,0.14028372180436316,0.41383643961742006,0.3612872310331027,3,5,16,16
24,1.3534201281995566,1.5980119198888108,4.385076503446125,4.674915581504281,6.036519407432993,5.216759916174403,7.981876546303704,1.432064323477386,140.0135163087273,109.11125705102984,0.02571519722166029,0.5643459979226104,3.159930665566901,43.88038244725655,181.5771243068831,0.1924334107715801,1.0404376856326478,0.5630380279415935,0.2854206132043383,0.42812621587093475,0.4460808073928908,25662.39175257732,0.01187084380268156,0.1609597249674467,0.2733243572611958,0.6869171115570637,4,4,16,16
25,1.202107189477925,1.3432078881390486,3.020772147602458,3.132065314978556,6.5541796760922315,4.986423882083182,5.287911123706769,1.332113236450451,145.4046368775821,127.4218253968254,0.03345569044523025,1.16373547265211,2.680372921033879,45.12882847052715,209.22884557082776,0.13344706137839712,0.827259575218798,0.3737075774707621,0.23246901074610168,0.30763133399529685,0.3816794635156681,29740.905797101448,0.006865484056394648,0.13163936588883068,0.37406130484804256,0.3850125748892164,2,3,16,16
26,0.8108403023486463,1.0384032865260822,2.6094101107292267,1.2492358124953336,2.6489396541639807,2.7799851469430252,2.7551629793947803,0.9544355663443377,229.40190476190477,232.2238095238095,0.03272632699689604,0.6155112607193299,5.520348259646064,98.58949639796083,328.51181936471687,0.27048643279843454,1.3950462636603533,0.5467792981742977,0.38823935324755854,0.4496020495386139,0.5248500320531786,43035.48453608248,0.009491812368299324,0.14398070028536855,0.32457479600887823,0.5286562193798802,6,4,16,16
27,1.5592920054029356,1.5986826949211705,2.88732482051208,6.304567006454384,5.51908781137586,5.164700137431669,4.361195064674031,1.6802388784607472,115.69399925595238,92.56358258928572,0.01679128139061809,0.5423520095587284,0.8440755391439829,14.042770600200518,61.65670677847841,0.0719163306705071,1.053256665220921,0.5195038530845839,0.2505909523541799,0.36950141863042174,0.535616120223611,25645.10055865922,0.005213128095112054,0.09549618969924195,0.4053660078383997,0.2779206381523927,6,2,16,16
28,0.6590117769340779,0.7437669325849906,1.9064277889632217,3.024040694446884,2.74977669544736,2.4617226506676526,3.7525859520797766,0.7716522971026583,322.97814207650276,318.1830601092896,0.1613981786992786,1.2916471506635443,10.790039044145022,125.5147372243615,739.6503472647668,0.3072539961476584,0.9166291991946435,0.5763733240073785,0.27185662027406543,0.48869993655754146,0.4673785664975744,41958.69642857143,0.009969921177242018,0.12426808310439168,0.3192613782808936,0.46733988301012036,3,3,16,16
29,1.3633719203323809,1.2879482096187516,2.741394719653207,2.913658728017033,3.6494932290314095,3.5979761562918413,4.724242452793408,1.3968990939887806,124.31790444654682,113.09602451907915,0.02648215785904155,0.8276778730649633,1.503447250483089,26.123801986702166,78.64059915851563,0.15187565563411934,0.6615900771642967,0.36677632156053513,0.21011668616197013,0.3603574270089951,0.36258287339659734,19225.842105263157,0.008978555279145173,0.153877133389314,0.3127104781088318,0.5361671955822375,2,4,16,16
30,1.3068983718014882,1.3508905191177107,2.111090646665285,2.1983625764615673,6.560118934735666,6.834661278395942,12.32613866034029,1.2771182861177917,117.02207251082258,118.04192099567098,0.022373276457855345,0.3724786224451955,1.4826614467282235,37.19234230797148,166.41594545260565,0.19165540190450914,0.7056639623692966,0.37211169928552007,0.21467752101487392,0.42449960935212094,0.600145917446904,17285.78205128205,0.007029541532853867,0.14659363389677335,0.36108018353985843,0.5170036734046718,3,3,16,16
31,1.877397768150735,1.8650778378150314,2.347521526317614,1.7905100475511522,4.817318788770809,4.393835181043093,4.644522407436769,1.85861109778668,75.9256155442037,60.87306871782831,0.01230094161637099,0.1997533908754624,1.0035203296782105,22.454029701172747,37.909224941095395,0.14351548417547763,0.7135942443055117,0.3780899402290474,0.28507904828476505,0.5399732565734856,0.685400068330869,18764.57894736842,0.0070597572633465154,0.1385738913830868,0.34728605516158856,0.5611068915607768,2,2,16,16
32,1.2262425776870338,1.3697500614072289,3.3938975851025917,2.1411858234219663,5.398260084622412,5.631512390128271,5.864188451108107,1.2128339580352228,148.54172932330823,141.31161497493736,0.02698987503712633,0.45372243303440607,5.192088855650941,87.74722973496071,257.9625065628757,0.15785164730958426,0.9122944111859057,0.36297672558312755,0.24379472513084705,0.3373179231550767,0.5626271560545247,37153.34285714286,0.010280691243180892,0.1452081225854231,0.42916015773520316,0.4038256475029611,0,5,16,16
33,1.3900787139419646,1.4206830611426884,2.42621194530707,3.3469915342267824,3.5576165451075688,3.384034247277134,4.699940347062757,1.4112271044924392,98.78033368519823,92.22943349753692,0.03454466485304775,1.8776323775090826,0.799348395392318,16.21444769284354,64.21194023141132,0.15889465925977675,0.9268649999769933,0.6333923418930512,0.30279074373387477,0.29140115022391216,0.40186803318410735,27056.700729927008,0.008413710428070811,0.13997308662068922,0.4204900084536826,0.361444527379649,2,3,16,16
34,2.1867180126687984,2.2487777901196564,3.1844833294358774,3.275120526691981,3.856141266965464,3.741235294896157,3.8000557714805874,2.148616803424373,57.531570814213,55.011267521753304,0.010508925813571292,0.5286618560399758,1.263271856961627,21.35385224410701,69.94538441355269,0.060093305982936794,0.9500483061301215,0.47300164459877664,0.21848743461628858,0.2910334777677387,0.3449983223847949,23210.355828220858,0.006268023331874036,0.12658089156822733,0.45107289018446767,0.3016104909194976,3,0,16,16
35,2.0704765852571136,2.077331420677806,3.878891228118731,2.8671487840410292,4.904222145085637,4.306189500699946,5.385964576319393,2.1432552062694725,61.85278911564628,44.27706916099771,0.011784422302390579,0.18778957347882153,0.3758449971499854,7.659592560008844,16.10470831524702,0.10378891457654525,0.635591159065401,0.3825505694520307,0.24729479488476078,0.4149977286167649,0.525250095771332,20234.48780487805,0.007673213212470934,0.14664933857169749,0.3370300220706342,0.5290989750061288,3,5,16,16
36,0.7772560246591326,0.7150385375510724,3.241478497565492,2.1810668421224686,2.5026438091128576,2.406415632450004,2.245072811754634,1.0326577545476066,209.9620915032679,149.3792483660131,0.04924534614073151,1.3259852193862158,7.13554641620021,67.82373570083719,359.26282118674965,0.1455197401525817,0.9787727678425211,0.30738619425819674,0.23876663339596316,0.3202487301639469,0.4761475989507772,28869.412280701756,0.011757391921873807,0.09724383913885956,0.4733348298465659,0.23235709057582069,5,5,16,16
37,1.2455111812345048,1.210722021405263,2.2601454951525923,3.2240257755602095,5.294477798740035,4.641871200733062,5.65439875918836,1.3151077314508177,157.87697704081634,115.43858418367347,0.06322950883922993,0.5765346994881347,1.9170244665825658,29.940146297658462,111.3298306045402,0.16524270089577914,0.7200361713883008,0.4397504281974719,0.27017019511787194,0.3591392794288903,0.5755764087188119,25382.6640625,0.007234642689425803,0.12893935402506612,0.37876869695455684,0.4080263595673503,0,2,16,16
38,1.101806036520563,0.959172576165229,3.485935732513818,2.9090193123547166,3.657884977821079,3.4082014490252615,3.981231055643276,1.023976732634114,150.29120628720236,152.5382626488095,0.03267879212598062,1.9697877698591917,3.341314870426291,61.79294295878439,139.8324132844075,0.2973193279798211,0.7248786673454342,0.49324630770633215,0.3079229201116478,0.5950197934575426,0.48845671196265683,28682.261744966443,0.0078022505779938136,0.139015168623375,0.26156173660799414,0.7018776328341896,0,0,16,16
39,1.681708216694222,1.6401026586783385,4.059453294627411,3.190669289462954,7.951567710157746,5.169904843747366,3.9391702678442173,1.8663560903656011,90.70095581501833,82.05169843177659,0.017792463541840844,0.25755897151358165,3.766225035751314,45.809620460535974,195.80205790782014,0.0807070415457286,0.9460940038691957,0.5592502998724053,0.3597606574401406,0.34548768948706154,0.8197523373722764,29256.2695035461,0.008334400912011352,0.10199316756309344,0.47615146524913105,0.283176119273393,5,0,16,16
40,2.300995799169156,2.3843737773194302,2.568758706866759,2.21715000329609,11.837912258238347,11.685340392695375,25.269173859957576,2.26079983712043,53.23241725768321,38.06083248902398,0.008196228931629829,0.14775413711583923,0.4929594480166418,9.172162874026437,52.932837294051616,0.11811230960580538,0.7725366965068384,0.47534804165614286,0.2737160428607271,0.4672372670822024,0.4994541325062051,15249.934782608696,0.004835256516977944,0.11418681652540878,0.25412055774444114,0.5231763806583796,1,3,16,16
41,0.6865241908789425,0.7942822909072303,2.392109759243874,1.6371773132141274,2.8557056902268783,2.4419412663545836,3.1039173226499224,0.8499470979496065,224.45052083333334,210.35481770833331,0.05832255891737823,1.363454216586322,3.4061562815527897,57.54343965339783,179.63888150476646,0.3048664737082539,0.759669491543548,0.463430490004174,0.2244022816236433,0.47511758634364704,0.43073270327107205,27383.178571428572,0.008977713492282553,0.13184130706274133,0.29353305233891575,0.5348668646477419,2,2,16,16
42,1.4488928003228818,1.4101818073735715,4.02823278232112,2.9543507654305308,3.4137396681911087,3.0359522612136884,3.2103657988427496,1.4066747428517186,114.98200767486479,93.49147043432758,0.018501643812993362,0.3535914017009378,6.6267084422163505,69.69408363284802,236.03233417837498,0.10600975992190755,0.746022789572688,0.3007335737959733,0.2738037728003284,0.26815630259236134,0.4608820628783092,28150.52727272727,0.011600800133844052,0.12141486186426932,0.42882105752670585,0.3053498175694665,6,6,16,16
43,0.9857311487260765,1.1322447371221782,2.485648141499567,4.2328987005673175,3.263377983836088,3.508617111164751,5.534563203508923,0.9413596176478827,185.36400343642615,146.64831042382585,0.030018902761969606,1.4243184068047243,1.152492922796115,28.61348951168691,127.87041831425644,0.24795570303258405,1.1501970489800037,0.45897959478761735,0.25371696455580267,0.3747743156714395,0.49335778299775457,29264.76056338028,0.006520782791652414,0.1371515077746901,0.315100567025364,0.5044142401200575,4,1,16,16
44,1.2250415416258207,1.2565960906171896,2.2997416672957596,2.5205944954879964,16.909883564872747,11.210667611981972,9.992648604795459,1.1236046193289992,138.49728308501315,96.8577125328659,0.03504919308498888,0.5857310366149361,14.634247004528863,55.528955605790834,118.69072855750147,0.1866839036089774,0.8560416329511937,0.34725620860696327,0.24387871092013194,0.3063269494153884,0.4195811485051301,32152.659340659342,0.00858602811961701,0.17008882177356088,0.3772738515230764,0.5023555058229443,4,4,16,16
45,0.9755850534605957,1.1509977555803628,2.2011454857730652,2.6580724274810397,7.1999371899546105,5.626216160471271,8.279601011037625,1.0287888932497635,194.59719938335044,117.50476190476192,0.03195061918565158,0.6872228819169772,3.993030057918057,60.60101758296135,251.83089270099256,0.20619972244441778,0.98359484470388,0.3947901092510266,0.26401250796757464,0.27161521633996233,0.4507698995209126,27552.725099601594,0.009063388281425685,0.16692047171501717,0.44942172293615174,0.4101849603819119,3,3,16,16
46,0.8526247540680892,0.7162301508262539,2.414189711755424,1.6592810190501206,2.5949116251750577,2.2828258732414533,2.5869792016996325,0.7902950111660626,211.15459317585302,218.77375328083988,0.029468460020378392,2.134896513386255,7.0183588310953535,106.024768253109,302.40055440446196,0.27846958137649913,1.0034760487040997,0.2819525262426209,0.2102223852866905,0.3139940800414215,0.3616822155425115,30101.148514851484,0.010747447112089359,0.16953437343235248,0.3633457104530351,0.5136825347684592,1,1,16,16
47,0.9125818353704401,0.9498986388213605,3.430896514677084,1.8153561880860116,3.0140225588592284,2.7231058716518843,2.6431155470966754,1.0331900258711884,213.19736434108523,186.21906976744197,0.024944419823468865,0.7794491973521748,3.7229036632488772,73.63957845557003,225.74454187503866,0.2115416108832049,1.2370007103660132,0.44420896978706337,0.2603177035549807,0.3786067351977672,0.5074569912130252,40761.163043478264,0.007723398126937912,0.1430623435291243,0.3525887481572925,0.4777624419871462,1,2,16,16
48,0.8786315580123919,0.8521223267460748,4.68993862518157,1.888156988554463,2.5126886928481142,2.2910184233144966,2.815979438638787,0.8578345948259462,167.25042735042732,203.68903133903132,0.020719850026546766,6.956461178521057,3.24934598323103,59.47234009383092,87.69227650658985,0.4539580702529711,0.9250872114640838,0.27122997757796624,0.15510490332148968,0.33785280013963437,0.2523042404415447,25843.746987951807,0.009069512482532145,0.1890349572447218,0.2363510807602033,0.853416977667066,1,2,16,16
49,0.7685964428730372,0.8692889109989066,3.7469024643881625,0.5274628494672776,2.5307862994831702,2.230776159235922,3.921499536132289,0.8009719095963739,250.39166666666662,224.47476851851852,0.03721800079248389,0.5901363988284661,6.417883804663597,103.83863115867517,423.26835480288304,0.3399329725170282,1.0912015589990975,0.5442227600865581,0.286426139733983,0.37022435094071465,0.591304729036424,33275.88679245283,0.010616961607143234,0.1368083329946575,0.37359303018388534,0.4414591814521349,4,4,16,16
50,1.0998539003303536,1.053130473050245,2.9763381506471225,1.5336380283762745,3.4491817511657334,2.7958401887427393,3.754539572899811,1.154907590315016,138.00529225908372,145.5637440758294,0.05159193948753441,0.5739372625588639,2.608300919685754,50.817083856988084,97.62356675090989,0.2966044991705344,0.627182665667015,0.5241678392024888,0.2090154834287104,0.4173187202970668,0.4207675627090341,23644.909090909092,0.009248152735786231,0.1469814392722697,0.23988842048849804,0.7146206156096101,1,2,16,16
51,0.7479470073040873,0.9201447970311751,4.421545525059992,2.146383200205006,2.9522088051542563,2.5606486579543426,3.631560283155905,0.8108308723391523,275.56570512820514,299.7003205128205,0.036804442211632774,1.6031015771439645,19.18445847574443,216.37515977361565,1359.55436939541,0.2680714224730344,0.9300531450365318,0.44984504821864546,0.2755588689796796,0.47542636606585437,0.4411986854820655,35050.58974358974,0.010256027574512756,0.13270312129566622,0.2651781329745904,0.5924265098603809,3,5,16,16
52,1.0057781537807156,1.250734946751296,2.998059540207316,2.9659071374914205,3.0793685524893024,2.559537005783633,5.114900052827077,1.2740234636143601,238.18023809523808,254.14490299823632,0.08060360518799789,3.0329129276046154,10.237936744958375,115.988200074468,812.7168678871335,0.15117774394164843,1.2170635682346551,0.4606080453905183,0.29257602195566457,0.4318731398660811,0.4929139758946439,33262.055555555555,0.010058439721707921,0.1329401290108422,0.35629579463749445,0.43980890677337325,4,4,16,16
53,0.7721382621048744,0.7783838717315044,2.8622370595806905,1.9643614709346082,2.8368646814776386,2.63879573843742,2.95901403885882,0.8000887126147757,275.2310017271157,180.1291018998273,0.04045836733886238,0.7129572315678295,2.9612051845484393,59.47039840983057,201.15512063938667,0.2735634808923937,1.2130127732467688,0.47369138063360194,0.27706730079745684,0.3530453008925686,0.4294577327761181,43099.38918918919,0.00654189988841824,0.12307659073022992,0.3159402560595277,0.4379255716846537,3,2,16,16
54,0.647921493413182,0.7337810188168684,2.441797783495807,0.7636670444956448,2.598174733598869,2.2314540734279174,1.6255717136775312,0.9214595442093382,285.375,277.6875,0.11607890872618046,0.9198055640463176,5.814020523808923,59.74768906485569,118.22185051445902,0.34991191066386296,0.6860335289323708,0.3996114770289822,0.19738964678553583,0.3414321723732931,0.33746192475753617,20441.01785714286,0.009754954599664406,0.1392455676692976,0.3112408268043167,0.4797987425919608,5,4,16,16
55,0.8956199581990473,0.9233184281841706,2.7773007382442496,2.3608656314485446,5.622355898964764,4.482753439242399,6.440057442427999,0.9569782653274708,180.48343717549324,157.1404613558819,0.03843364936608355,1.0120559353968768,1.5303202933653803,29.84289014400542,111.50157660661604,0.258990930309136,1.0215518158932813,0.42634888779076713,0.26978139867340983,0.34151567952431744,0.5649850895910377,21799.170454545456,0.00874226021534702,0.1595470257632416,0.4041201887804164,0.4697550212329488,2,3,16,16
56,1.2378815071093128,1.3385646740063493,1.7754575296917365,1.14875590789592,3.899021919974131,4.034489269155608,4.561410378536258,1.2918141810755845,129.1886765615337,91.02335188620901,0.020475562870593565,0.33530863769611247,0.5316472238804357,14.411995561712954,28.88583108380614,0.22041473760115377,1.3927197791878057,0.4199639458165154,0.2568611459135404,0.39279600892822725,0.6652341017025926,20760.38157894737,0.006495290695805193,0.14113299402937618,0.38223935938835796,0.4725822782237065,2,2,16,16
57,1.9976633146291385,2.0332791415548677,2.3008831968621712,1.9329706424743638,4.762335698191283,4.878880727724278,6.1873008075112566,2.0469822370883,69.40154546376593,47.51101729296617,0.01134080717863792,0.1801135529735577,0.5088961385319515,9.244052383112013,21.0757775710996,0.10254805407006733,0.6881924789680789,0.4157616249676945,0.29451361612264576,0.6672626848106817,0.6536190168765544,15665.739130434782,0.007327480800805312,0.12669140869508344,0.3275018041049338,0.5909362968110908,5,4,16,16
58,0.7610568163292235,0.49692583405197527,3.371138138224178,0.3862857157728148,3.54152783435467,2.7255992273406293,2.7341047694406218,0.6217477608553137,281.53623188405794,210.19565217391303,0.05841999659677446,0.6781005560170421,24.373069176362797,158.74395543214533,369.6289241342648,0.3545738957788994,1.2347935341596943,0.2830274577051872,0.28740893264449296,0.39856653952721394,0.3891662952029244,41243.104166666664,0.0115453560103284,0.11493575557826667,0.3039017936303526,0.42406757337240064,4,5,16,16
59,1.4221243679989257,1.5296556937181078,3.4736882827201496,3.1251871304471144,10.149113382008926,7.808099168188907,9.03708039727811,1.4948617959266053,128.18274970155193,84.43835720917893,0.020989380108885982,0.40548333683650745,2.712683769244606,36.167155902245746,142.621970007677,0.143277726212207,1.135380757843227,0.6220662562512916,0.48168949100157243,0.8438240571635224,0.7511624958818293,31100.5,0.006665999317248766,0.09805285016438432,0.3184180606669883,0.4999238779889491,3,5,16,16
60,1.182087893328286,1.19951980155261,3.3167375516488073,4.731241486935956,5.135033673419139,4.536590003007736,9.890029472478851,1.1679168700177096,147.01145230677938,131.24913959353213,0.03875622371161526,0.696122455294917,1.05988179957196,23.11131187396516,126.93701831884863,0.1483919605960666,0.7439898957486653,0.36453521308325404,0.221413754427905,0.2739054911972434,0.46376220493448195,20314.927272727273,0.007588905544307036,0.1484488726282386,0.4597849054846741,0.35588876631894656,0,1,16,16
61,0.6890621936439834,0.6436888290658703,3.2730010660768514,2.2956088160648167,2.7796807876237275,2.6922116382589834,2.6582787636709724,0.8150309414635744,275.75726744186045,212.1259689922481,0.029922968716667407,4.264918313172092,4.7299733918191835,73.2217801227941,331.57075268956766,0.19872167983862973,0.8961507894260479,0.2984887770300428,0.23934662975115106,0.26545473431553523,0.3988146968498586,36783.621495327105,0.007273730536372307,0.10797922523781806,0.4219367019627514,0.27749601085963777,5,5,16,16
62,1.250726961977243,1.3477334144117885,3.5481450700045962,2.1595421499867626,7.252135719976111,7.782161847409951,11.321660764881818,1.2473896516970717,153.2694047619048,120.06391590678827,0.01692270490860121,0.3981797909176599,1.1210763544145537,27.039024644943062,115.38891600462675,0.19252232867758917,0.9086293732172098,0.40532917587615336,0.24080416547662725,0.35701490254268414,0.40272274360109145,18426.722602739726,0.008191068783765448,0.16114561513209189,0.30797327806098374,0.5909956536308042,3,4,16,16
63,1.122180908132736,1.0300274662818594,3.2615130647470565,4.517536508016257,3.2172200776727773,3.191844869683051,5.571248899057086,1.117304797838843,155.4384153005464,167.0495472287276,0.03323711087232437,0.9768643625325476,3.2566426930958388,62.64524842415256,205.536297121165,0.21420153959470664,0.9791619616934335,0.3486462938496083,0.21913822778986924,0.44745448230139656,0.45040679836305964,34125.24401913876,0.008198744357357847,0.151299298032867,0.307330579880979,0.5932246499002395,2,4,16,16
64,1.0722045389864552,1.1557731342380986,3.058422566275489,2.0100429664949035,4.271423373070888,3.4052335071436772,3.328525020426287,1.0080369557266518,145.24300193050195,139.33118564993563,0.04128081451828011,2.3395718298973693,1.4796526353795636,27.537660635480673,55.57737010676139,0.2798504914254608,0.771211006723576,0.5767991792870336,0.23184976287102568,0.48136655444752735,0.3745928270567963,30135.293436293436,0.007943937031882765,0.14279649450591417,0.25653276062884606,0.6551973525099243,0,0,16,16
65,1.9373916823845534,1.9594534615981039,2.8443767063210377,2.4393893681969456,5.134528054662684,5.2286857108869444,5.170189925962406,2.0162917885890037,60.00532681777222,44.60448118111872,0.010497192888654668,0.19144605167394468,0.43979975513500896,10.267837944805535,15.688197671265275,0.14527477609941744,0.603148582192844,0.28238470654940906,0.23491925533651825,0.3871290966483496,0.5707528480048117,17894.753424657534,0.007541668418188067,0.14816739336213416,0.305421453448215,0.5993354118060525,2,2,16,16
66,1.3420000833231132,1.2805594589761948,3.1720055517392156,2.9858127770346634,4.011344845968557,4.17474544252835,3.6586865037065617,1.2681753215520315,140.33133640552998,109.62863863287251,0.015440627542357033,0.39051448422575813,2.974448159355717,48.29940690443344,91.9313901775182,0.19694786269034087,0.9887395905748815,0.4644537288596562,0.21149838142947228,0.3818816092863286,0.5276563571833848,27920.42372881356,0.008699546381336704,0.1387895061373553,0.3221232871061962,0.5060446363680133,1,5,16,16
67,1.1738808770265745,1.2445934699580874,3.2278551010894505,3.206421595736194,2.631769859108574,2.4477103220914365,2.5214043725850908,1.1623748327024908,98.21980830670927,114.16649170850447,0.027680548570493953,0.9398081210380997,2.5271892563979605,41.87728121067241,79.53400905947126,0.24203458194254002,0.8958040931804014,0.3264269619627345,0.22828612583956837,0.4460889804616665,0.3248598079616952,32516.238372093023,0.010655905510931018,0.14652670979920246,0.2469214995549369,0.6650002978576436,3,3,16,16
68,0.7116292305949543,0.8398690050367661,2.1281402366217845,1.134525521321672,4.411224563555893,4.386851604126307,4.665897318693487,0.6951621398891559,230.8781407035176,190.37562814070353,0.04608549672627553,0.6480757686394237,1.2334702318251678,34.87672677960765,121.71310850041564,0.2936215288247674,0.7544602748452758,0.3271787275045469,0.20462990984354468,0.3277004427527453,0.43088298815963694,30652.189873417723,0.006735885585842281,0.14542227345356298,0.3617021692071825,0.444525692997311,2,1,16,16
69,0.7149077029707832,0.7796293418361623,2.524587709572672,3.847707222427337,2.1031211238752188,2.0867730898444297,3.9382366938584052,0.8106436440791871,310.43859649122805,302.69883040935673,0.09499896581437801,2.7958308570492134,4.485974885893186,82.30034899220726,576.5446301973953,0.2518005434615745,0.9626558750288229,0.4460492736475499,0.2859709037714466,0.4162519773688935,0.47333089870267775,33284.32608695652,0.008888018069621634,0.13836760967779205,0.32698896791885906,0.5057170219810871,2,4,16,16
70,1.2832131834048022,1.3509329141851845,2.861071203900586,3.186885003014406,4.427536100291402,3.9003135985569846,4.394412776207649,1.3857651927512966,323.47334247131687,165.57167732764748,0.019012229672723212,2.3974810940831897,7.481844886123376,81.11372762692152,269.1146339840642,0.11046015826937386,1.076269178356891,0.7924630896463384,0.24564361496409487,0.2944690215969086,0.36336859906522273,33918.02597402597,0.00688994142574309,0.1251450033692319,0.416278776396664,0.32373138279926444,3,4,16,16
71,0.7959274157651487,1.0478510212790833,1.585154539808346,1.9207903626770635,1.8576962840481066,1.750653947360199,3.2512256001254833,1.2146206376410387,217.64705882352942,198.15196078431373,0.033564565370265816,1.961361014994233,3.08550726328246,34.041735563345085,546.7689991114369,0.2880558693990072,1.0461415722886611,0.3554078994357463,0.3029672951897873,0.34167550011436065,0.4508501877132111,39849.2688172043,0.01155065643571812,0.12228562274668714,0.3875258525630183,0.3536288955202065,5,5,16,16
72,1.2150433208027847,1.381833684201518,2.5416421087189116,1.0705437478391064,3.3376868384531155,2.899026282472559,8.752275013118759,1.3235187580097296,152.86888984509469,105.47803356282272,0.020895726281386386,0.36413459243654656,2.171865036667374,34.269733030545204,367.3076462492937,0.1763732254784009,0.7929461489164458,0.38889788653384966,0.2802629188051963,0.4000242098762541,0.4049041536548913,29471.940928270044,0.008770723104303681,0.12413063972607072,0.30876485158857575,0.4559983136910029,5,0,16,16
73,1.0468274900835022,1.0706157461205774,2.8305655240013463,2.4517807453683993,3.3446380633762574,3.21278878254356,7.396269911858325,1.1285406537060263,184.95938596491231,163.81978070175438,0.026233941662153936,0.4745843730625455,3.0951010133544985,44.132401838023945,224.7675642321969,0.1734974076040266,0.6376040700106606,0.3628781782381216,0.3307299236452599,0.4003394296094934,0.5707067855365257,22366.0826446281,0.007801366134225732,0.12379002008974355,0.42366254346489685,0.3552566640131941,1,3,16,16
74,1.2545097971935684,1.2819276070965562,2.8399531134643214,2.890318649417832,13.178013967638497,7.456375361118457,5.631698187616953,1.2791083771740288,144.19379203658866,104.64406779661014,0.023311820482644737,0.6652958966682989,9.936297636472418,71.66720618985903,229.00655464380728,0.1560237039067071,0.9090584269966621,0.5408414340909755,0.4061709610822226,0.44260119858005376,0.6147811565291663,20863.037037037036,0.011217063894378331,0.14355714595201505,0.4381980452324492,0.416713386122899,0,0,16,16
75,1.1056552676747584,1.1972720556139482,3.268445298054853,1.6655033841898272,3.3301420050249813,2.9018049065855767,2.7959875356310504,1.472012797166599,206.4215455840456,173.97542735042734,0.025132866583500862,0.42463190260164413,8.861031005547721,107.24110978796753,429.8440723457317,0.13819285021451147,1.0269040673191827,0.4679068491848519,0.271174169611353,0.4177489496752143,0.4745409009031336,28506.777142857143,0.007322446297932585,0.11613499198258803,0.3493401035664859,0.39029422560753396,4,4,16,16
76,0.7703811044911905,0.48753051600245145,1.4724356137008825,1.6601440430350285,2.5472158477550897,2.710951309452497,5.103617538787285,0.8539642048379931,229.92021276595744,214.61702127659575,0.04464025700112874,1.292734473500693,2.1097810349706094,31.712333791798965,255.55910605358946,0.3790547272762431,0.561266066322199,0.3327222867924374,0.2552614779802499,0.3994181867579219,0.4376035143402196,21441.454545454544,0.006719875284918878,0.10175820931806409,0.2926997066959596,0.39306568252812196,4,0,16,16
77,0.9874219579468525,1.1082529403310604,2.6861613124404458,6.048694556731828,4.070120938122981,3.5658608967852334,3.653992936946605,0.9911920960059594,172.57018425460632,148.7855108877722,0.03646314778417977,1.4552922963916284,3.130356564450468,46.689585719733465,100.53120604663346,0.2551417068171509,1.052118004415289,1.017701912603826,0.2919248663964986,0.373984830749642,0.5043832283710534,38445.38888888889,0.009087883793080447,0.1327520153806046,0.3943409037329246,0.3932936696659071,1,1,16,16
78,1.0913067581136695,1.0558939784928856,2.791779273911634,3.434015989258973,3.349591891298875,2.9324601625786113,2.71051624161707,1.1633539823222394,136.87538035961276,115.8414937759336,0.03358776374291219,0.7331480122892826,2.329428252451302,39.67162503835307,135.40623508107223,0.15850039558023873,1.2079161196867916,0.35729108585650315,0.28280855551119066,0.33042978430756037,0.5789769823697899,32673.15243902439,0.0074401891311205665,0.12231930195001169,0.4241114450855301,0.33795474865288105,1,3,16,16
79,1.1059537837457105,1.3547358250189587,2.6751920161925,4.821912983313927,5.231917742644633,5.147910615744159,5.932970886925836,1.1460291251384975,159.16027236652238,127.92749819624822,0.05026516790006645,0.8162477043158862,2.8011627762146873,51.56906698136312,359.7784100883649,0.16335221282568085,1.5362164637364617,0.414202027366991,0.30699525765002866,0.342105004915454,0.5525227798820678,52411.71641791045,0.006396734997496026,0.12058724424994893,0.4234649243187822,0.3311335957542928,3,3,16,16
80,0.556096176228829,0.5341073602091485,2.5962382243867066,2.8231544234243797,1.7148738709974427,1.7003554651431638,1.8240084968291521,0.7112103181554755,240.26515151515153,310.5833333333333,0.033478595564187474,2.3078601140025246,8.179126297237955,174.98318870158948,535.9565825093828,0.33753673435030945,0.6016404055860863,0.3768804508088209,0.20256665869100893,0.4110191356875932,0.4017536159700848,19789.176470588234,0.010656610891458751,0.17485739926386631,0.31999509302481305,0.6352325353205173,3,4,16,16
81,0.907787651509916,0.9454166985672438,3.3325234173667777,1.460727607744651,3.59537253345355,3.1046384257605815,3.486192422493631,0.9424887698985045,200.000625,170.3057291666667,0.025639035134522738,0.6057709146224262,6.32292906044602,87.45305898219614,350.0170854772375,0.18235070498137657,0.637718993293657,0.37690096486206265,0.28209016754141975,0.36092715606046605,0.6243690319755666,21761.3,0.011158531016252258,0.12931321395474002,0.45523251234904266,0.3443639979601831,0,3,16,16
82,1.8243370475833005,1.7873775037959345,6.308098033567032,4.740425626943879,3.402289193803289,3.2294845522609394,3.1678280094886726,1.798659241684224,76.73881755387156,56.19674236754295,0.00599739581547456,0.6233461546124404,2.301178121643904,41.310218358084235,50.5399926007845,0.17181771907121013,0.8096617529210005,0.5306007532557021,0.2694132983235809,0.29883339447151497,0.450271329327988,21085.882352941175,0.006143207758946779,0.1388483606695482,0.2709304893453874,0.5557435581209565,1,0,16,16
83,1.2815174416961124,1.2700227112143103,3.9922103471420853,5.409545893729143,3.064888169946907,3.04489198647283,2.8226695118805427,1.265301024826303,112.33178590723159,82.19900825808445,0.006837206940795435,0.4513268349775253,2.6048777744608844,50.11564431968278,69.62802802832466,0.2295891686732501,0.4873942126961231,0.5331665645788097,0.24341519707566514,0.3455016708414082,0.4008167342064938,18965.263636363637,0.0077019550610698305,0.1563802580194539,0.24832233840406953,0.7053488661144488,1,0,16,16
84,0.970707318602264,0.892858987115112,3.3090667850802675,1.556665331659957,3.761061243266617,2.950884339808923,5.464437719758915,0.8249562339625336,164.388125,156.228125,0.036187713952985076,0.596196105855703,2.784449723304722,45.31436248496761,101.26372474197208,0.39547163750996017,0.9215628979658816,0.39556171078110275,0.26776511251968016,0.5697005234662426,0.4387139170066155,36160.30303030303,0.008047683657061972,0.13410008103891333,0.242904633118903,0.6993141938558299,3,2,16,16
85,1.1458020882303075,1.154031631150968,3.7856751489787883,4.1555604843977365,2.9244616838819555,2.791495139905283,2.9527123329032134,1.0991580896333113,162.97765857331072,142.61770186335406,0.03156732155366314,0.8221969732256369,3.115466588312164,55.82456137285667,134.45133237702677,0.26098117396268505,0.916201671232947,0.4078948447045728,0.23485816851298422,0.43428084071182377,0.4600771685735781,32448.535519125682,0.008420887965154734,0.15005716144039807,0.2931248633641585,0.6117485801936207,1,3,16,16
86,0.38266904086210896,0.37259966282033696,1.4573966417059574,1.3713095170787561,1.456542068074779,1.491715130670439,1.4115401802929635,0.41545262730852545,244.85714285714286,343.85714285714283,0.0072991726729752515,1.6393896110255848,7.835316720535438,121.96233928371493,196.03465276776302,0.5728281175769891,0.9311595705871444,0.32081875222912315,0.23572214902833855,0.3703578818815907,0.38304204777509576,32746.765217391305,0.010621637660741574,0.1309336630759235,0.3025752639992181,0.4777461247199306,5,5,16,16
87,1.7870173784693855,1.8000402571064775,4.38141213062528,4.6166204701504885,3.209871057947607,3.003528677206824,3.5144944690304554,1.8262826544203103,78.1048237989886,74.45310788032027,0.0070501652635161435,0.8227599893053666,2.9270698020264456,41.54733565591588,89.86768269625496,0.13032467010843068,0.8276395082817568,0.4795715416346989,0.2295545978476417,0.31181625153634174,0.5420981703553504,20030.140740740742,0.010474521703219537,0.14458146875377548,0.3798422134600837,0.4422403051625402,0,4,16,16
88,1.5885387919153924,1.7530719824454373,3.71806938902508,3.693361866717786,4.211645727721568,3.802605098151717,6.10609857721074,1.7370637498582107,115.66981743814846,91.12703012769354,0.023160961824167162,1.2350463275170567,3.4541223643664645,56.794818338336206,281.12380658018805,0.0871525133478256,0.8472739438410701,0.5232966325101577,0.30259219417830574,0.3404061985156875,0.6474563007510584,32337.00921658986,0.006291766197020582,0.11293502290280906,0.44351876499444626,0.3102077617271852,3,1,16,16
89,1.7029915539427103,1.6856187785479135,2.350482478507862,3.297012428958212,3.9643271712844985,3.812466420527989,4.194387640628473,1.6695838179664142,73.37629105405601,70.33103893887306,0.011766177163292757,0.28965914359905975,1.3620447175328476,22.87827996799364,58.43197403203683,0.12812958506408878,0.935297791650673,0.4605551404125218,0.2724261028497424,0.29945041743197953,0.52072951254352,27333.015873015873,0.0098566685292352,0.15549484138079528,0.3342884826446839,0.526298658307711,5,4,16,16
90,1.0202020159013578,1.0562461483853776,3.8774537379610314,2.47433468270141,2.698554506198397,2.6316276704615937,2.664408100359111,1.0591990612262105,176.33807893020224,189.24313437703844,0.035671770456035486,1.8947096007037858,4.338010850721007,62.88090235768789,234.98705760449116,0.1643495985483236,0.8715192911223427,0.37982891698460985,0.2819173388039225,0.34599580503502314,0.48173971468388743,35752.04189944134,0.010272560982784023,0.14908598700853146,0.4014065840704842,0.43181073229392275,3,6,16,16
91,2.29608961944047,2.2875472226954927,4.064532849468314,2.28413510099013,4.346757757223166,4.112877862146655,3.9540294638734417,2.36433826827312,47.19545744952721,35.87462518102053,0.006477467395791486,0.1413237924865832,0.29999517206807336,7.434895749647166,14.89976781927105,0.08353664741278126,0.220632404541196,0.39862919833167126,0.25461735056064755,0.4095654712462081,0.5633917202141142,11850.0625,0.006089060984365337,0.13619702198303446,0.3322812036902832,0.48314523743657284,2,4,16,16
92,0.7767691573902304,0.9718018380756777,2.3402441638710867,1.8292363195871175,3.772759320659188,3.8689844765249966,3.1838176735299104,0.9929727078945632,264.0144047619048,256.3064285714285,0.11306090017871702,4.940545993510815,15.923598729186395,182.40277643171675,689.3453307627665,0.1976322530654146,1.4370312861554797,0.7570613870096748,0.41133182484909864,0.26721373695874967,0.8651658418113188,30576.53097345133,0.006762063134604928,0.10031975111270634,0.5566522670099971,0.22279937791585236,5,2,16,16
93,0.9434685235594011,1.0923780794374183,3.2865222316589104,3.0718419676637985,2.8533946794575917,2.2823086779457866,4.260383470830434,0.8263057976750126,187.11062271062275,188.41437728937728,0.03927254253564386,1.8246525583319257,4.482807780244327,64.00206933069411,157.29847761043388,0.3564973613128671,0.7754741745716524,0.3712741301682072,0.2579714772681897,0.4282609849512424,0.33070532890497945,28865.016393442624,0.009972433637306877,0.15348092579040273,0.2549899123956394,0.6758290411004054,1,1,16,16
94,0.5402702873105959,0.8327632731393985,2.2635135605472545,2.170032447076009,1.472862778872373,1.5619528140539378,1.4960427475238696,0.33617693164708246,343.7692307692308,275.38461538461536,0.06338011192738248,3.991554179350695,8.497266823469072,165.81838358062413,225.31709894964024,0.6556810344435212,0.8950024450505881,0.3648887548617895,0.1923149101047028,0.29820381310990624,0.27866884813990717,29818.341666666667,0.011377267136132888,0.1715151571844717,0.29046706756481444,0.6255721944263428,5,2,16,16
95,1.6174879343170054,1.7724048318639498,3.295256320291354,5.585457877955766,5.199879979744038,5.154498420815154,4.553793947132478,1.5889073397505773,96.78111218846514,93.4978610033757,0.016999680579009392,0.4204776664644396,4.603645605549041,75.87519709816353,139.07098277555593,0.1566077012641285,0.5110433440015052,0.37139018288794695,0.20099016123600844,0.2515907437301513,0.3498071627221139,19922.853658536584,0.00628420016100452,0.13406250661836394,0.32586797496608244,0.4276260370970585,2,1,16,16
96,1.4329968964715205,1.5293664111394543,3.89918622208073,3.011189720964727,3.1540090690246863,2.8943596340486284,3.4194796596090575,1.425212722029665,94.1743640331211,83.60188772307416,0.019183473842547497,0.7284497683110414,2.4682321564843006,43.13870839816674,96.38453244482918,0.17621876204848125,0.7603222208866962,0.3772522033875708,0.19203559621660712,0.4015438432823709,0.49333739631810797,23805.536585365855,0.00879362457199823,0.15999949720068787,0.3300447249178096,0.5825180029988956,2,2,16,16
97,1.012521465308133,0.963755777918215,2.405693971269654,4.142246793838457,4.016663256908101,3.5933363500406776,3.6641801081676277,1.1160129524053215,212.70977658186564,122.61271200260923,0.03182090511136542,1.2643042789942573,2.938791321394952,46.14089754911637,140.74367896788695,0.15925955043399173,0.8620355617302922,0.37475332083570867,0.2807614944986939,0.31991565616677453,0.6978012384601169,24381.85714285714,0.006676045249798644,0.10835763305500727,0.46418664110887686,0.28349659299109503,5,3,16,16
98,2.262985837905351,2.4749636549525893,3.7121860779207774,2.1839977691565107,3.9977080871857464,3.6663478955536446,13.532419499507936,2.3129644340986393,51.16695608451982,43.81763193788691,0.011759559898651514,0.1511008972087745,0.6375244073025959,13.33438441726786,70.46430612829253,0.11087276207787082,0.3678107764574255,0.3717505868624781,0.23297910194048416,0.3910026726445857,0.4992734626889893,16466.53846153846,0.00494333062279375,0.12228100462427886,0.35401195653172124,0.3911030757531867,2,1,16,16
99,1.4100830860883902,1.37053089281228,2.622996199671488,3.0473757944008315,5.233585858966626,4.15444308399248,3.8255504478536815,1.3649330366769596,117.14883799171844,90.12171152518978,0.0317909850303995,0.5733189828078825,1.1492080726535219,19.723870983375427,46.26211488006126,0.14857768557004966,1.1469896867261122,0.5905735621269077,0.2656755104788433,0.27089620503237516,0.450691161321382,25573.67924528302,0.007681627084000035,0.13537808537230858,0.4310308185067415,0.3433671152576451,0,2,16,16
100,0.896992591472635,1.193881148069733,3.8458051905047266,2.0267033848702196,3.075043800855283,3.2007631129224374,3.5593711631763574,0.9675953298107232,250.4168699186992,159.79674796747972,0.02532196524629151,0.5484226501850428,4.4705894298510245,88.34613540930529,246.60591416498704,0.239124539919346,0.9012552129073043,0.3124884984386321,0.26100618131023656,0.48389340290736943,0.44751123840886814,22191.092105263157,0.008659772591909108,0.1607897332131569,0.30906459205985337,0.623985415473738,0,0,16,16
101,1.0494442419672634,1.1172326653413285,2.66134932717506,1.976751772211826,3.9568478517718115,3.736593020484314,3.683925146246956,0.9902888473107825,159.34159482758622,135.32550287356324,0.07224731789453762,0.6704713165596038,4.542562231337752,53.44854513647432,111.77487529958188,0.3009937819432209,1.2997674855213213,0.4235139712026378,0.2688098727889633,0.5322976933971485,0.37225891850169796,36492.65853658537,0.011596957942428179,0.14947422573510874,0.25323634920936106,0.6958330491511817,0,1,16,16
102,0.47023359491159544,0.6354221598219018,2.030372627030242,1.4409516806047453,2.3024515026514347,2.6263542798760318,2.111235436028368,0.554730375312814,408.87,318.56,0.028706468666352257,1.081840328027014,31.239081340885978,391.88575629630196,1037.7098235819353,0.398116502142405,0.990771189287573,0.6083761026593273,0.24316212194843728,0.3781068281178461,0.3842876865901517,36370.85284280936,0.010431254278520487,0.15050873010775645,0.31881386116235416,0.5304714240440215,3,4,16,16
103,0.6693203957808842,0.5334360961648236,1.8257737986896259,2.6066689930441664,2.7268962473365064,2.733368868789144,2.800094818267805,0.6875438407513663,210.87132352941177,251.68382352941177,0.040648720462144385,4.797224759846852,2.116880764180339,42.14086183958833,73.7317096943624,0.4214020921676725,1.1891619121699277,0.3235594728314737,0.273409533444692,0.3528390425978625,0.40026066093922297,31848.475,0.010786178552908093,0.15923042976428747,0.29447294487939846,0.6016601907424801,5,4,16,16
104,2.329915283178431,2.301561268114644,2.834743658288793,2.289289206374444,4.266685509181438,4.286267868337407,5.399869416488284,2.3258158095907495,49.403219315895385,36.1574882629108,0.006961981886175933,0.14084507042253522,0.3221990466467221,6.494060876756973,12.557089717745171,0.09638927413252396,0.42954997848830223,0.3638030083299654,0.16263416022247543,0.3271896969814103,0.3129313551788218,18357.991304347826,0.00740079882209368,0.15110634982934448,0.22782978608476534,0.7213582934013613,2,3,16,16
105,0.978264148079942,1.021007411439783,3.0497559987300105,2.1446534903367884,3.758894293241546,3.649111407510514,3.438484203440463,0.9894126956853057,154.0854497354497,161.6410934744268,0.02596271312955936,1.096973900069514,2.802411700878114,38.3374772988756,130.63676866196533,0.1981488485415291,0.8829532475106617,0.36421476194596875,0.25037847277444664,0.2991915696147712,0.41686537128963225,25745.4011627907,0.010516532798039853,0.1444938509089174,0.3874327392575042,0.410720346437448,2,3,16,16
106,1.0534856595383773,0.9844763251008487,2.5803061626169344,1.9408431794578003,3.316901099101726,3.2614344405086118,3.502411730431884,1.0292804137878244,170.45743099787686,147.7880042462845,0.018742156793466604,0.5814598672609016,4.536642721327604,69.8068973506325,198.7793606459104,0.2681748918452004,1.1790777925365026,0.43792312886677454,0.31573330534938426,0.3795758128984061,0.4530634589660956,36851.30985915493,0.009747462566851495,0.13322286618556273,0.24692533669256322,0.5987374991195439,7,5,16,16
107,1.2733388623951927,1.5108507485251532,4.459514002757119,5.469531584662985,3.1398519301391468,2.7749816159379015,3.4108042912532777,1.2816571317045595,133.76277760561925,133.23821402747654,0.01203922292281551,1.407205912188017,3.3777283842260757,56.72983062310746,114.3578611509255,0.24451000782642485,0.7425929789921856,0.3392344714829684,0.197532235954641,0.37387590961780987,0.3187954665919557,30080.583333333332,0.010535468142475093,0.1548373613426901,0.23507963782076166,0.7274178984312145,3,4,16,16
108,1.1016126092325773,1.222904529337819,4.016599644138824,2.3176713554262993,3.5142236410244507,3.5092337688119617,4.306797605706171,1.0663023581586026,178.8824786324786,177.29813034188038,0.024700894292142984,2.688351387612324,7.640953829698489,139.12132432906836,414.9255276106711,0.18526003666554505,0.7350058619609275,0.30700458677823694,0.17789674495444802,0.22679517588413292,0.3075586875897691,39092.886666666665,0.008096237594124988,0.1369133683863463,0.41526626372993103,0.347348421429392,2,0,16,16
